text,label
This agreement is legally binding between both parties,1
The contract shall remain valid for one year,1
Both parties agree to all terms and conditions,1
The court issued the final order today,1
The plaintiff filed a legal petition before the court,1
The defendant accepted the legal responsibility,1
The affidavit was signed before the authorized officer,1
The lease agreement begins on the specified date,1
The employee accepted all company policies,1
The license shall expire after one year,1
The parties agreed to resolve disputes through arbitration,1
The agreement becomes effective after signing,1
The court has jurisdiction over this dispute,1
The contract was approved by the legal authority,1
The witness signed the document in court,1
The buyer agreed to complete the payment on time,1
The seller transferred ownership after receiving payment,1
The legal notice was delivered to the respondent,1
The company shall maintain confidentiality at all times,1
The agreement may be terminated with written notice,1
The arbitration decision shall be final and binding,1
The employee signed the employment agreement,1
The landlord agreed to lease the property,1
The parties accepted the settlement without objection,1
The court dismissed the petition due to insufficient evidence,1
The agreement shall remain effective until the expiration date,1
Every party must fulfill the obligations mentioned in this contract,1
The court granted permission to continue the proceedings,1
The legal notice was served to the concerned party,1
The employer shall provide salary according to the agreement,1
The tenant must maintain the property in good condition,1
The lease shall automatically renew after one year,1
The supplier agreed to deliver the goods before the deadline,1
The contract shall not be modified without written approval,1
The parties agreed to keep all confidential information secure,1
The witness appeared before the court to provide testimony,1
The agreement shall be governed by applicable law,1
The borrower shall repay the loan within the agreed period,1
The guarantor accepted responsibility for the financial obligation,1
The court ordered both parties to attend mediation,1
The company shall compensate the employee as stated in the contract,1
The ownership rights shall transfer after full payment,1
The legal document was verified by the competent authority,1
The applicant submitted all required legal documents,1
The settlement agreement resolved the dispute peacefully,1
The parties signed the agreement in the presence of witnesses,1
The court accepted the appeal filed by the petitioner,1
The contractor agreed to complete the project within the timeline,1
The agreement shall remain confidential after termination,1
The legal representative signed the document on behalf of the client,1
The agency shall pay the required fees to the District Officer.,1
The District Officer shall receive the prescribed allowances.,1
An aggrieved woman may file a written complaint.,1
The complaint shall be submitted within three months.,1
The Internal Committee shall assist in filing the complaint.,1
The Local Committee may receive workplace harassment complaints.,1
The Committee may extend the filing period for valid reasons.,1
The complaint shall be recorded in writing.,1
A legal heir may file a complaint on behalf of the aggrieved woman.,1
The Committee shall conduct an inquiry according to the law.,1
The Internal Committee may initiate conciliation upon request.,1
No monetary settlement shall be accepted during conciliation.,1
The settlement shall be recorded by the Committee.,1
The employer shall act upon the Committee recommendations.,1
Copies of the settlement shall be provided to both parties.,1
The respondent shall receive a copy of the settlement.,1
The inquiry shall stop after a successful settlement.,1
The Committee shall maintain records of the proceedings.,1
The complaint shall be handled according to legal procedures.,1
The parties shall comply with the Committee decision.,1
The parties agree to comply with all terms of this agreement.,1
This agreement becomes effective on the execution date.,1
The license granted under this agreement is non exclusive.,1
The distributor shall market the products in the assigned territory.,1
The franchisee shall operate according to the franchisor guidelines.,1
The supplier shall deliver goods within the agreed schedule.,1
The consultant shall provide professional services to the client.,1
Both parties shall maintain the confidentiality of shared information.,1
The agreement may be terminated with written notice by either party.,1
Any dispute arising under this agreement shall be resolved by arbitration.,1
The manufacturer shall produce goods according to the agreed specifications.,1
The reseller is authorized to sell the products within the approved region.,1
The company shall pay the agreed compensation upon successful completion.,1
The service provider shall perform all obligations with reasonable care.,1
The parties shall not disclose confidential information to third parties.,1
The customer shall make payment within thirty days of invoice receipt.,1
This contract shall be governed by the applicable laws of the jurisdiction.,1
The hosting provider shall ensure continuous availability of the services.,1
The strategic alliance shall remain valid until mutually terminated.,1
Each party shall fulfill its obligations as specified in this agreement.,1
The agreement shall become effective on the date of signing.,1
Both parties agree to comply with the terms of this contract.,1
The parties shall maintain strict confidentiality of shared information.,1
The supplier shall deliver the products within the agreed timeline.,1
The buyer shall complete payment within thirty days.,1
The employee shall perform duties according to company policies.,1
The tenant shall pay monthly rent before the due date.,1
The landlord may terminate the lease upon breach of contract.,1
The company grants a limited license to use the software.,1
The recipient shall not disclose confidential information.,1
The parties agree to resolve disputes through arbitration.,1
The contract shall remain valid until terminated by either party.,1
The service provider shall fulfill all contractual obligations.,1
The customer shall inspect the goods upon delivery.,1
The manufacturer guarantees that the products meet quality standards.,1
The agreement may be renewed with mutual written consent.,1
The contractor shall complete the project within the specified period.,1
The parties acknowledge that this agreement is legally binding.,1
Any amendment to this agreement must be made in writing.,1
The governing law of this agreement shall be the laws of India.,1
The plaintiff submitted the required evidence before the court.,1
The defendant shall comply with the court order without delay.,1
The legal notice was served to the respondent.,1
The affidavit was verified before the authorized officer.,1
The petition was filed under the applicable legal provisions.,1
The court granted permission to continue the proceedings.,1
The claimant requested compensation for the damages suffered.,1
The respondent filed a written reply to the allegations.,1
The appeal shall be heard on the scheduled hearing date.,1
The parties accepted the settlement before the court.,1
The agreement shall remain enforceable until its expiration.,1
The legal representative signed the required documents.,1
The witness provided testimony under oath during the trial.,1
The employer shall compensate the employee according to the agreement.,1
The arbitration award shall be binding on both parties.,1
The contract may be terminated upon material breach.,1
The company shall protect all confidential business information.,1
The ownership of the property shall transfer after registration.,1
The borrower shall repay the loan according to the agreed terms.,1
The court dismissed the application due to insufficient evidence.,1
The parties agree to perform their obligations under this contract.,1
This contract shall become effective upon execution.,1
The buyer shall pay the agreed amount before delivery.,1
The seller shall deliver the products on the specified date.,1
The contract shall remain valid for a period of one year.,1
Either party may terminate this contract with written notice.,1
The parties shall resolve disputes through mutual agreement.,1
The contractor shall complete the assigned work on time.,1
The client shall compensate the contractor after project completion.,1
The agreement shall not be assigned without prior written consent.,1
The supplier guarantees the quality of the delivered products.,1
The customer agrees to follow all payment terms.,1
The contract may be renewed upon mutual agreement.,1
The parties shall comply with all applicable laws and regulations.,1
Any modification to this contract must be made in writing.,1
The receiving party shall keep all confidential information secure.,1
The obligations under this agreement shall survive termination where applicable.,1
The parties acknowledge that they have read and understood this contract.,1
Failure to perform contractual obligations shall constitute a breach of contract.,1
This agreement shall be governed by the laws of the applicable jurisdiction.,1
The plaintiff filed a civil suit before the district court.,1
The defendant submitted a written response to the allegations.,1
The court admitted the petition for further proceedings.,1
The judge scheduled the next hearing for the following month.,1
The evidence was presented before the trial court.,1
The witness recorded a statement under oath.,1
The appellant challenged the lower court judgment.,1
The respondent opposed the appeal before the High Court.,1
The court granted interim relief to the petitioner.,1
The accused appeared before the magistrate for the hearing.,1
The prosecution submitted documentary evidence in support of the case.,1
The court ordered both parties to maintain the current status.,1
The petitioner sought compensation for financial losses.,1
The judgment was delivered after reviewing all evidence.,1
The legal notice was served before initiating the lawsuit.,1
The court dismissed the application due to lack of evidence.,1
The parties agreed to settle the dispute outside the court.,1
The judge reserved the final order for a later date.,1
The case was transferred to the competent jurisdiction.,1
The legal proceedings concluded after the final judgment.,1
The agreement shall remain valid until its termination date.,1
Both parties shall fulfill their contractual obligations.,1
The license is granted for commercial use only.,1
The tenant shall maintain the leased property properly.,1
The landlord may inspect the property with prior notice.,1
The supplier shall deliver goods according to the purchase order.,1
The consultant shall provide services during the contract period.,1
The employee accepted the confidentiality obligations.,1
The company shall compensate the contractor after project completion.,1
The customer shall make payment within the agreed period.,1
The agreement may be renewed upon mutual written consent.,1
The parties shall comply with all applicable legal requirements.,1
The contract shall automatically expire after one year.,1
The receiving party shall protect confidential information.,1
The service provider guarantees uninterrupted service availability.,1
The manufacturer shall replace defective products without charge.,1
The buyer accepted the terms before signing the agreement.,1
The parties waived all prior verbal agreements.,1
The contract shall be interpreted under applicable law.,1
The agreement becomes legally binding after execution.,1
The agreement contains multiple legally enforceable clauses.,1
The legal document identifies the obligations of each party.,1
The contract specifies the governing law of the agreement.,1
The court order defines the responsibilities of the respondent.,1
The affidavit confirms the authenticity of the submitted information.,1
The legal notice informs the recipient of contractual violations.,1
The arbitration clause outlines the dispute resolution process.,1
The agreement includes confidentiality and non disclosure provisions.,1
The contract defines the rights and liabilities of both parties.,1
The settlement agreement resolves all pending legal disputes.,1
The document contains legally binding obligations.,1
The parties acknowledged every clause before signing.,1
The contract specifies the payment schedule clearly.,1
The legal document records the consent of both parties.,1
The agreement establishes ownership rights over the property.,1
The contract requires written approval for amendments.,1
The legal provisions remain effective after termination.,1
The agreement outlines the obligations of the service provider.,1
The contract protects intellectual property rights.,1
The legal document complies with statutory requirements.,1
The petition was filed before the Supreme Court of India.,1
The High Court issued directions to the concerned authority.,1
The matter shall be governed by the laws of India.,1
The district court granted interim relief to the petitioner.,1
The agreement shall comply with the Indian Contract Act.,1
The dispute shall be resolved through arbitration in India.,1
The magistrate recorded the statement of the witness.,1
The respondent submitted an affidavit before the High Court.,1
The tribunal passed the final order after hearing both parties.,1
The appeal was admitted under the relevant legal provisions.,1
The petitioner requested relief under the Constitution of India.,1
The court directed the authority to submit its report.,1
The parties executed the agreement in accordance with Indian law.,1
The legal notice was issued before filing the civil suit.,1
The applicant sought protection of fundamental rights.,1
The contract shall be interpreted according to Indian legislation.,1
The court ordered the respondent to appear on the next hearing date.,1
The evidence was examined before delivering the judgment.,1
The case was listed for hearing before the division bench.,1
The final judgment was pronounced in open court.,1
The court delivered the final judgment after reviewing all evidence.,1
The judge dismissed the petition due to insufficient evidence.,1
The High Court upheld the decision of the lower court.,1
The Supreme Court granted permission to hear the appeal.,1
The judgment was pronounced in open court.,1
The court directed the respondent to comply with the order.,1
The accused was found guilty based on the available evidence.,1
The appeal was rejected by the appellate court.,1
The court ordered both parties to maintain the existing status.,1
The petitioner was granted interim relief by the court.,1
The judge reserved the judgment for a later date.,1
The court accepted the documentary evidence submitted by the plaintiff.,1
The final order was issued after completion of the hearing.,1
The court remanded the case for further investigation.,1
The respondent failed to appear before the court as directed.,1
The court imposed penalties for violation of the legal order.,1
The bench observed that the evidence supported the claimant.,1
The judgment resolved the dispute between both parties.,1
The court instructed the authorities to implement the decision immediately.,1
The case was disposed of after the final judgment was delivered.,1
The deponent solemnly affirms that the information provided is true.,1
This affidavit is executed voluntarily without any coercion.,1
The statements made in this affidavit are true to the best of my knowledge.,1
The affidavit was signed before the authorized notary public.,1
The deponent accepts full responsibility for the contents of this affidavit.,1
This affidavit is submitted in support of the legal application.,1
The affidavit confirms the identity of the applicant.,1
The deponent declares that no material facts have been concealed.,1
The affidavit was verified under oath before the competent authority.,1
The statements contained in this affidavit are legally binding.,1
The deponent certifies that the attached documents are authentic.,1
This affidavit is filed in compliance with the applicable legal provisions.,1
The affidavit serves as evidence in the pending legal proceedings.,1
The deponent confirms that all declarations are accurate and complete.,1
The affidavit was executed on the specified date before witnesses.,1
The deponent understands the legal consequences of making false statements.,1
This affidavit has been prepared for submission before the court.,1
The contents of this affidavit have been read and understood by the deponent.,1
The affidavit shall remain valid unless revoked according to law.,1
The deponent signed the affidavit in the presence of the authorized officer.,1
The tenant shall pay the monthly rent before the due date.,1
The landlord agrees to lease the property for one year.,1
The tenant shall maintain the rented premises in good condition.,1
The security deposit shall be refunded after the lease ends.,1
The landlord may inspect the property with prior notice.,1
The tenant shall not sublease the property without written permission.,1
The lease shall begin on the agreed commencement date.,1
The tenant is responsible for utility payments during the tenancy.,1
The landlord shall provide the property in habitable condition.,1
The rental agreement may be terminated with written notice.,1
The tenant shall comply with all property rules and regulations.,1
The landlord shall carry out major structural repairs.,1
The rent amount shall remain fixed during the agreement period.,1
The tenant shall return the property in its original condition.,1
The lease may be renewed upon mutual agreement.,1
The tenant shall not use the property for unlawful activities.,1
The landlord shall provide access to common facilities.,1
The tenancy shall expire on the specified end date.,1
Both parties agree to the terms of this rental agreement.,1
The rental agreement shall be governed by applicable law.,1
The employee shall perform assigned duties with diligence.,1
The employer shall pay the agreed salary on time.,1
The employment shall begin on the specified joining date.,1
The employee agrees to comply with company policies.,1
The employee shall maintain confidentiality of company information.,1
The employer may terminate employment with prior written notice.,1
The employee shall not engage in competing business activities.,1
The probation period shall last for six months.,1
The employee shall report directly to the assigned manager.,1
The employer shall provide statutory benefits as required by law.,1
The employee shall work during the agreed business hours.,1
The employment agreement may be renewed by mutual consent.,1
The employee shall return all company property upon resignation.,1
The employer shall evaluate employee performance periodically.,1
The employee agrees to protect confidential business information.,1
The employment contract shall remain effective until termination.,1
The employee shall not disclose trade secrets to third parties.,1
The employer may take disciplinary action for policy violations.,1
The employee shall comply with all workplace safety regulations.,1
Both parties agree to the terms of this employment agreement.,1
The receiving party shall keep all confidential information secure.,1
The recipient shall not disclose confidential information to any third party.,1
Confidential information shall be used only for the agreed purpose.,1
The parties agree to maintain strict confidentiality throughout the agreement.,1
The receiving party shall protect all proprietary information.,1
The confidentiality obligations shall survive the termination of this agreement.,1
The recipient shall not copy confidential documents without permission.,1
The disclosing party retains ownership of all confidential materials.,1
The recipient shall immediately return confidential documents upon request.,1
The parties shall prevent unauthorized access to confidential information.,1
The confidential information shall not be shared without written consent.,1
The recipient shall use reasonable measures to safeguard sensitive information.,1
The obligations under this agreement shall remain legally binding.,1
The receiving party shall notify the disclosing party of any unauthorized disclosure.,1
The confidentiality agreement shall remain effective for five years.,1
The recipient shall not use confidential information for personal benefit.,1
Trade secrets disclosed under this agreement shall remain protected.,1
The parties acknowledge the importance of protecting confidential business information.,1
A breach of confidentiality may result in legal action.,1
Both parties agree to the terms of this non disclosure agreement.,1
The service provider shall perform the agreed services with due care.,1
The client shall pay the service fees according to the agreement.,1
The service agreement shall become effective on the execution date.,1
The provider shall complete the services within the agreed timeline.,1
The client shall provide all necessary information for service delivery.,1
The service provider shall comply with all applicable laws.,1
The agreement may be terminated by either party with written notice.,1
The provider shall maintain the confidentiality of client information.,1
The client shall inspect the completed services upon delivery.,1
The service provider shall correct any identified deficiencies promptly.,1
The parties shall cooperate to ensure successful completion of the services.,1
The provider shall not assign the agreement without prior written consent.,1
The client shall make payment within thirty days of receiving the invoice.,1
The service provider shall maintain professional standards throughout the contract.,1
The agreement shall remain valid until all obligations are fulfilled.,1
The provider shall notify the client of any expected delays.,1
The client may request modifications through written approval.,1
The service provider shall maintain accurate records of the services performed.,1
Any dispute arising from this agreement shall be resolved through arbitration.,1
Both parties agree to the terms of this service agreement.,1
The supplier shall deliver the goods according to the agreed schedule.,1
The buyer shall inspect the goods upon delivery.,1
The supplier guarantees that the products meet the required specifications.,1
The buyer shall make payment within the agreed period.,1
The supplier shall replace defective goods at no additional cost.,1
The parties agree to the pricing stated in this agreement.,1
The supplier shall maintain sufficient inventory to fulfill orders.,1
The buyer shall provide written notice of any defective products.,1
The delivery shall be completed at the agreed location.,1
The supplier shall comply with all applicable quality standards.,1
The agreement may be terminated upon material breach by either party.,1
The supplier shall not delay delivery without prior written notice.,1
The buyer shall accept delivery upon successful inspection.,1
The supplier shall provide all necessary shipping documents.,1
The ownership of the goods shall transfer upon full payment.,1
The supplier shall package the goods to prevent damage during transportation.,1
The parties shall resolve disputes through arbitration if required.,1
The supplier shall maintain confidentiality of the buyer's information.,1
The agreement shall remain effective until all deliveries are completed.,1
Both parties agree to the terms of this supply agreement.,1
The lease agreement shall commence on the specified effective date.,1
The lessee shall pay the lease amount on or before the due date.,1
The lessor grants the lessee the right to use the property.,1
The lease shall remain valid for the agreed lease term.,1
The lessee shall maintain the leased property in good condition.,1
The lessor may inspect the property after providing prior notice.,1
The lessee shall not transfer the lease without written consent.,1
The lease may be renewed upon mutual written agreement.,1
The lessee shall comply with all conditions of the lease.,1
The lessor shall provide peaceful possession of the property.,1
The lessee shall return the property upon expiration of the lease.,1
The lease agreement may be terminated for breach of its terms.,1
The lessee shall not make structural changes without approval.,1
The lessor shall remain the legal owner of the property.,1
The lessee shall pay all applicable utility charges during the lease period.,1
The lease shall automatically expire on the agreed termination date.,1
The parties shall resolve lease disputes through arbitration.,1
The lease agreement shall be governed by applicable law.,1
The lessor shall provide access to the leased premises as agreed.,1
Both parties agree to the terms of this lease agreement.,1
The principal appoints the attorney to act on their behalf.,1
The attorney shall exercise only the powers granted in this document.,1
The power of attorney becomes effective upon execution.,1
The attorney shall act in the best interests of the principal.,1
The principal may revoke this power of attorney at any time.,1
The attorney is authorized to manage financial matters.,1
The attorney may represent the principal before government authorities.,1
The attorney shall maintain accurate records of all transactions.,1
The powers granted under this document shall remain legally binding.,1
The attorney shall not exceed the authority granted by the principal.,1
The principal confirms that this power of attorney is executed voluntarily.,1
The attorney may sign legal documents on behalf of the principal.,1
The authority granted shall remain valid until revoked in writing.,1
The attorney shall protect the rights and interests of the principal.,1
The principal acknowledges the legal effect of this document.,1
The attorney shall comply with all applicable legal requirements.,1
The power of attorney shall terminate upon the death of the principal.,1
The attorney shall provide information regarding actions taken when requested.,1
This document authorizes the attorney to perform specified legal acts.,1
Both parties agree to the terms of this power of attorney.,1
The testator declares this to be the final will and testament.,1
The testator revokes all previous wills and codicils.,1
The executor shall administer the estate according to this will.,1
The beneficiaries shall receive the assets as specified in this document.,1
The estate shall be distributed after all debts are settled.,1
The executor shall carry out the wishes of the testator.,1
The testator confirms that this will is made voluntarily.,1
The beneficiaries shall inherit the property in equal shares.,1
The executor shall submit the will for probate when required.,1
The testator appoints an executor to manage the estate.,1
The assets shall be transferred to the named beneficiaries.,1
The executor shall protect the estate until distribution is complete.,1
The will shall become effective upon the death of the testator.,1
The beneficiaries shall comply with the conditions stated in this will.,1
The testator declares to be of sound mind while executing this will.,1
The executor shall prepare an inventory of the estate assets.,1
The distribution of property shall follow the instructions in this will.,1
The will shall be interpreted according to the applicable law.,1
The witnesses confirm that the testator signed this document voluntarily.,1
This will is executed in the presence of the appointed witnesses.,1
The borrower shall repay the loan according to the agreed schedule.,1
The lender agrees to provide the approved loan amount.,1
The borrower shall pay interest at the agreed rate.,1
The loan shall become effective on the date of disbursement.,1
The borrower shall make monthly installment payments on time.,1
The lender may charge penalties for late payment.,1
The borrower shall provide collateral as security for the loan.,1
The loan agreement shall remain valid until full repayment.,1
The borrower may repay the loan before the due date without penalty.,1
The lender reserves the right to recover unpaid amounts through legal action.,1
The borrower shall use the loan only for the approved purpose.,1
The lender shall issue a repayment schedule to the borrower.,1
The borrower shall notify the lender of any change in financial status.,1
The loan may be terminated upon breach of the agreement.,1
The lender shall release the collateral after complete repayment.,1
The borrower shall submit all required financial documents.,1
The outstanding balance shall be paid before the loan maturity date.,1
The parties agree to resolve disputes under applicable law.,1
The loan agreement shall be governed by the laws of the jurisdiction.,1
Both parties agree to the terms of this loan agreement.,1
The licensor grants the licensee a limited right to use the software.,1
The license shall remain valid for the agreed period.,1
The licensee shall use the licensed material only for authorized purposes.,1
The licensor retains ownership of all intellectual property rights.,1
The licensee shall not transfer the license without written consent.,1
The license may be revoked upon violation of its terms.,1
The licensee shall comply with all conditions of this agreement.,1
The licensed software shall not be copied without authorization.,1
The license does not transfer ownership of the product.,1
The licensee shall pay the applicable licensing fees on time.,1
The licensor may terminate the license for breach of contract.,1
The licensee shall not modify the licensed material without permission.,1
The license agreement shall be governed by applicable law.,1
The licensee shall protect the licensed content from unauthorized access.,1
The rights granted under this license are non exclusive.,1
The license shall automatically expire at the end of the agreement period.,1
The licensee shall immediately stop using the software after termination.,1
The parties agree to resolve licensing disputes through arbitration.,1
The licensor provides the licensed material subject to the agreement terms.,1
Both parties agree to the terms of this license agreement.,1
The parties agree to resolve disputes through arbitration.,1
The arbitration proceedings shall be conducted according to the agreed rules.,1
The arbitrator shall be appointed by mutual consent of the parties.,1
The decision of the arbitrator shall be final and binding.,1
The arbitration shall take place at the agreed location.,1
Each party shall bear its own legal expenses unless otherwise decided.,1
The arbitration award shall be enforceable under applicable law.,1
The parties waive the right to litigate disputes before the court.,1
The arbitrator shall remain impartial throughout the proceedings.,1
The arbitration hearing shall be conducted in a confidential manner.,1
The parties shall cooperate during the arbitration process.,1
The arbitrator may request additional evidence before issuing the award.,1
The arbitration agreement shall survive the termination of the contract.,1
The parties shall comply with the final arbitration award.,1
The arbitration proceedings shall begin upon written notice.,1
The arbitrator shall issue a written decision after reviewing the evidence.,1
The parties may appoint legal representatives during arbitration.,1
The arbitration clause applies to all disputes arising from this agreement.,1
The arbitration award shall resolve the dispute between the parties.,1
Both parties agree to the terms of this arbitration agreement.,1
The legal notice was served to the respondent.,1
The recipient shall reply to the legal notice within the prescribed period.,1
The sender demands immediate compliance with the agreement.,1
The respondent is required to cease the unlawful activity.,1
The legal notice requests payment of the outstanding amount.,1
The recipient shall take corrective action within fifteen days.,1
The notice is issued before initiating legal proceedings.,1
The sender reserves the right to seek legal remedies.,1
Failure to comply with this notice may result in legal action.,1
I went to the market after college today,0
The weather was very pleasant this morning,0
She enjoys reading books every evening,0
We watched a comedy movie last night,0
He is learning Python programming online,0
The children played football in the park,0
My friend bought a new laptop yesterday,0
The teacher explained the chapter clearly,0
They planned a trip during the holidays,0
I drink coffee every morning before work,0
The restaurant served delicious food today,0
She likes listening to music while studying,0
The bus arrived at the station on time,0
We celebrated my birthday with family,0
He completed his homework before dinner,0
The students attended the science exhibition,0
The new smartphone has an excellent camera,0
They planted trees around the school campus,0
She baked a chocolate cake for everyone,0
The train reached the destination safely,0
Our team won the cricket match yesterday,0
He started exercising to improve his health,0
The museum displayed many historical artifacts,0
They cleaned the classroom after the event,0
I enjoy walking in the garden every evening,0
I woke up early to watch the sunrise,0
She enjoys painting beautiful landscapes,0
We visited the local museum on Sunday,0
The baby smiled after seeing the colorful toy,0
He bought fresh fruits from the market,0
The students completed their project successfully,0
They spent the evening playing board games,0
My sister enjoys cooking different recipes,0
The library was quiet during the afternoon,0
He repaired his bicycle before going outside,0
The children were excited about the school picnic,0
She watered the plants every morning,0
We listened to our favorite songs together,0
The dog chased the ball across the field,0
He learned a new recipe from his grandmother,0
The family watched television after dinner,0
I cleaned my room before going to bed,0
They visited their grandparents during the holidays,0
The shop opened early in the morning,0
She practiced yoga to stay healthy,0
We enjoyed a peaceful walk near the lake,0
The chef prepared a delicious breakfast,0
My cousin started learning guitar last month,0
The students participated in the cultural festival,0
Everyone enjoyed the fireworks during the celebration,0
The government announced a new education policy today.,0
Heavy rainfall affected traffic across the city this morning.,0
Scientists discovered a new species in the rainforest.,0
The local hospital opened a new emergency care unit.,0
The city celebrated its annual cultural festival successfully.,0
The railway department introduced additional weekend trains.,0
A new public park was inaugurated for local residents.,0
The mayor announced several infrastructure development projects.,0
The school organized a science exhibition for students.,0
The weather department predicted heavy rainfall this weekend.,0
The national team won the international championship yesterday.,0
A new library was opened in the downtown area.,0
The health department launched a vaccination campaign.,0
The airport resumed normal flight operations after the storm.,0
The community organized a blood donation drive.,0
Researchers developed a new method for water purification.,0
The city council approved funding for road improvements.,0
Several volunteers participated in the environmental cleanup campaign.,0
The museum displayed rare historical artifacts for visitors.,0
The newspaper published an interview with the award winning scientist.,0
The football team won the championship after a thrilling final.,0
The captain scored the winning goal in the last minute.,0
The players trained hard before the tournament began.,0
The coach announced the starting lineup for the match.,0
The cricket team celebrated a memorable victory.,0
The athlete broke the national record in the sprint event.,0
The stadium was filled with enthusiastic supporters.,0
The referee stopped the match due to heavy rain.,0
The team practiced every morning to improve performance.,0
The batsman completed a brilliant century during the match.,0
The goalkeeper made several outstanding saves.,0
The tennis player advanced to the final round.,0
The basketball team secured an important home victory.,0
The runners completed the marathon despite difficult weather conditions.,0
The swimming competition attracted participants from many countries.,0
The player received the award for best performance of the season.,0
The volleyball team qualified for the national championship.,0
The fans cheered loudly throughout the entire game.,0
The tournament concluded with an exciting championship match.,0
The young athlete dedicated the victory to the coaching staff.,0
The company launched a new smartphone with advanced camera features.,0
The software update improved the performance of the application.,0
Artificial intelligence is transforming many industries.,0
The developer fixed several bugs in the latest release.,0
Cloud computing allows businesses to store data securely.,0
The laptop offers excellent battery life for daily use.,0
The website was redesigned to improve user experience.,0
The cybersecurity team detected a potential security threat.,0
The mobile application received positive feedback from users.,0
The engineer developed a faster data processing algorithm.,0
The new processor delivers better performance and lower power consumption.,0
The company introduced a smart wearable device for fitness tracking.,0
The database backup was completed successfully overnight.,0
The programming language is widely used for web development.,0
The network administrator resolved the connectivity issue quickly.,0
The technology conference showcased innovative software solutions.,0
The startup developed an application for online learning.,0
The computer system automatically installed the latest updates.,0
The internet connection became stable after replacing the router.,0
Researchers are developing more efficient renewable energy technologies.,0
The students attended the mathematics lecture with great interest.,0
The teacher explained the programming concepts using practical examples.,0
The university announced the examination schedule for the semester.,0
The school organized a science exhibition for all students.,0
The professor encouraged students to participate in research projects.,0
The library received several new academic books this month.,0
The students submitted their assignments before the deadline.,0
The college introduced a new course on artificial intelligence.,0
The teacher conducted an interactive classroom discussion.,0
The students prepared presentations for the annual seminar.,0
The examination results were published on the official website.,0
The university awarded scholarships to outstanding students.,0
The laboratory session helped students understand the experiments better.,0
The students participated in a national coding competition.,0
The school celebrated its annual graduation ceremony.,0
The instructor provided additional study materials for revision.,0
The college organized a workshop on career development.,0
The students worked together on a group project.,0
The teacher evaluated the answer sheets carefully.,0
The education department introduced new learning resources for schools.,0
Regular exercise helps improve overall physical health.,0
The doctor advised the patient to maintain a balanced diet.,0
Drinking enough water is essential for good health.,0
The fitness trainer designed a personalized workout plan.,0
Walking every day can reduce the risk of heart disease.,0
The hospital introduced a new health awareness program.,0
The patient recovered quickly after following the prescribed treatment.,0
A nutritious breakfast provides energy for the entire day.,0
The yoga session helped participants reduce stress.,0
The health camp offered free medical checkups to the public.,0
The nutritionist recommended eating more fresh fruits and vegetables.,0
Regular health screenings help detect diseases at an early stage.,0
The athlete followed a strict fitness routine before the competition.,0
Adequate sleep is important for mental and physical well being.,0
The clinic organized a vaccination drive for children.,0
The trainer encouraged everyone to warm up before exercising.,0
Cycling is an effective way to improve cardiovascular fitness.,0
The medical team provided emergency care to the injured patient.,0
The wellness program focused on healthy lifestyle habits.,0
The fitness challenge motivated participants to stay active every day.,0
I booked a flight for my vacation next month.,0
The tourists visited several famous historical monuments.,0
Our family enjoyed a peaceful trip to the mountains.,0
The hotel offered excellent service throughout our stay.,0
The train arrived at the station on time.,0
The travel guide explained the history of the ancient temple.,0
We explored the local markets during the evening.,0
The beach was crowded with visitors during the holiday season.,0
The airline announced a delay due to bad weather.,0
The travelers enjoyed hiking through the national park.,0
The city is known for its beautiful architecture and culture.,0
The tour included visits to museums and art galleries.,0
We rented a car to explore the countryside.,0
The resort provided comfortable rooms with scenic views.,0
The passport was checked before boarding the international flight.,0
Many visitors captured photographs of the beautiful sunset.,0
The cruise offered a variety of entertainment activities.,0
The camping trip was filled with adventure and outdoor games.,0
The local cuisine was one of the highlights of our journey.,0
The vacation created many unforgettable memories for the entire family.,0
The chef prepared a delicious vegetable soup for dinner.,0
Fresh ingredients improve the taste of every recipe.,0
The family enjoyed homemade pizza during the weekend.,0
The recipe requires fresh tomatoes and onions.,0
She baked a chocolate cake for the birthday celebration.,0
The restaurant is famous for its traditional dishes.,0
The cook added herbs to enhance the flavor of the meal.,0
A healthy breakfast includes fruits and whole grains.,0
The soup was served hot with freshly baked bread.,0
The recipe recommends cooking the vegetables over low heat.,0
The bakery introduced a new range of fresh pastries.,0
The family prepared a special meal for the festival.,0
The noodles were cooked with fresh vegetables and spices.,0
The chef decorated the dessert with fresh strawberries.,0
The salad was made using seasonal vegetables.,0
The restaurant offered a variety of vegetarian dishes.,0
The recipe can be prepared in less than thirty minutes.,0
The coffee was served with freshly baked cookies.,0
Everyone enjoyed the homemade pasta for dinner.,0
The cooking class taught students how to prepare healthy meals.,0
The movie received excellent reviews from the audience.,0
The actor delivered an outstanding performance in the film.,0
The music concert attracted thousands of fans.,0
The television series became popular within a few weeks.,0
The audience applauded after the final performance.,0
The director announced the release date of the new movie.,0
The singer performed several hit songs during the event.,0
The comedy show entertained the audience throughout the evening.,0
The film won multiple awards at the international festival.,0
The theater presented a classic drama to a full audience.,0
The audience enjoyed the live dance performance.,0
The streaming platform released a new documentary series.,0
The actor thanked the fans for their continued support.,0
The concert featured performances by several famous artists.,0
The animation movie was loved by children and adults.,0
The television channel broadcast the live award ceremony.,0
The film festival showcased independent movies from different countries.,0
The audience praised the visual effects of the movie.,0
The orchestra delivered a memorable musical performance.,0
The new comedy film became a box office success.,0
This smartphone offers excellent battery life and smooth performance.,0
The laptop is lightweight and easy to carry every day.,0
The headphones provide clear sound with deep bass.,0
The camera captures sharp and detailed photographs.,0
The smartwatch includes many useful fitness tracking features.,0
The keyboard feels comfortable for long typing sessions.,0
The mouse responds accurately and works without any lag.,0
The refrigerator keeps food fresh for a long time.,0
The washing machine operates quietly and cleans clothes effectively.,0
The air conditioner cools the room quickly and efficiently.,0
The coffee maker is simple to use and easy to clean.,0
The backpack is durable and has enough storage space.,0
The television delivers bright colors and excellent picture quality.,0
The vacuum cleaner removes dust efficiently from carpets.,0
The printer produces clear documents at a fast speed.,0
The speaker delivers rich audio with impressive volume.,0
The power bank charges devices quickly and reliably.,0
The gaming monitor provides a smooth and immersive experience.,0
The tablet has a responsive display and long battery life.,0
Overall this product offers great value for its price.,0
Had an amazing time with my friends today.,0
Just finished watching a fantastic movie tonight.,0
The sunset looked absolutely beautiful this evening.,0
Feeling excited about my upcoming vacation.,0
I finally bought the laptop I wanted.,0
Enjoying a hot cup of coffee on this rainy morning.,0
Happy birthday to my best friend.,0
Today's workout was challenging but rewarding.,0
I love spending weekends with my family.,0
This restaurant serves the best pizza in town.,0
Just completed my first marathon and I feel proud.,0
The concert last night was absolutely incredible.,0
I started reading a new book today.,0
The weather is perfect for a morning walk.,0
Can't wait for the holiday celebrations next week.,0
My pet learned a new trick today.,0
The beach was peaceful and relaxing this afternoon.,0
Thanks everyone for the birthday wishes.,0
Just uploaded some photos from my recent trip.,0
Looking forward to learning something new every day.,0
Dear Team I have completed the assigned task today.,0
Please find the attached report for your review.,0
Thank you for your quick response to my previous email.,0
I would like to schedule a meeting for tomorrow morning.,0
Please let me know your availability for the discussion.,0
The project has been completed successfully.,0
Kindly share the updated presentation before the meeting.,0
I have received your email and will respond soon.,0
Please review the document and share your feedback.,0
Thank you for your valuable support throughout the project.,0
The meeting has been rescheduled to next Monday.,0
Please confirm your attendance for the training session.,0
I have attached the requested files for your reference.,0
Let me know if you need any additional information.,0
We appreciate your cooperation and timely response.,0
The presentation has been uploaded to the shared folder.,0
Please remember to submit your weekly report today.,0
I hope you are doing well and having a great day.,0
Feel free to contact me if you have any questions.,0
Looking forward to hearing from you soon.,0
How was your day at college today.,0
I am going to the market after work.,0
Did you finish your homework yesterday.,0
Let's meet at the coffee shop this evening.,0
I will call you after reaching home.,0
What are your plans for the weekend.,0
Can you help me with this assignment.,0
I forgot to bring my notebook today.,0
The weather feels really pleasant this morning.,0
We should watch a movie together tonight.,0
My brother bought a new bicycle yesterday.,0
I woke up early to go for a walk.,0
The food at the restaurant was delicious.,0
She is learning to play the guitar.,0
We enjoyed talking for hours last night.,0
Please remind me about the meeting tomorrow.,0
I need to buy groceries before going home.,0
The children are playing in the garden.,0
Everyone enjoyed the family dinner yesterday.,0
Have a safe journey and take care.,0
The weather department predicted heavy rainfall this evening.,0
The temperature is expected to rise throughout the week.,0
Strong winds are likely in the coastal regions today.,0
The sky remained clear for most of the afternoon.,0
Light showers are expected during the early morning hours.,0
The humidity level increased after the rainfall.,0
Dense fog reduced visibility on the highway.,0
The forecast predicts sunny weather for the weekend.,0
A cold wave is expected to affect northern regions.,0
Thunderstorms may develop during the late evening.,0
The maximum temperature reached thirty five degrees today.,0
The minimum temperature dropped significantly overnight.,0
The weather remained pleasant throughout the day.,0
Heavy snowfall blocked several mountain roads.,0
The cyclone is moving toward the eastern coastline.,0
The rainfall improved water levels in nearby reservoirs.,0
The weather conditions are favorable for outdoor activities.,0
Cloudy skies covered the city during the afternoon.,0
The meteorological department issued a heatwave warning.,0
The morning breeze made the weather cool and comfortable.,0
Researchers discovered a new method to improve solar energy efficiency.,0
Scientists conducted experiments to study climate change.,0
The laboratory analyzed samples collected from the river.,0
The telescope captured detailed images of distant galaxies.,0
The research team developed a new medical diagnostic technique.,0
The experiment confirmed the proposed scientific hypothesis.,0
Biologists studied the behavior of marine organisms.,0
The satellite collected valuable environmental data from space.,0
The vaccine showed promising results during clinical trials.,0
The research paper was published in a scientific journal.,0
The chemistry experiment demonstrated a safe chemical reaction.,0
The physics students built a working model of a wind turbine.,0
Astronomers observed a rare lunar eclipse last night.,0
The microscope revealed the structure of the plant cells.,0
Engineers designed an energy efficient cooling system.,0
The study examined the impact of pollution on wildlife.,0
Scientists are developing biodegradable materials to reduce plastic waste.,0
The robotics team created an autonomous delivery vehicle.,0
The research findings contributed to advances in medical science.,0
The university laboratory received funding for new scientific research.,0
A startup is a newly established company that focuses on developing innovative products or services.,0
Career development helps individuals improve their skills and prepare for better professional opportunities.,0
Career development helps individuals improve their skills and prepare for better professional opportunities.,0
"A strong resume highlights a person's skills, experience, and achievements to attract employers.",0
Interview preparation helps candidates build confidence and answer questions effectively during job interviews.,0
LinkedIn optimization helps professionals create a strong online presence and connect with industry experts.,0
Internships provide practical experience and help students understand real-world work environments.,0
Freelancing allows individuals to use their skills to work independently with different clients.,0
Remote work culture enables employees to complete their tasks from different locations using digital tools.,0
Soft skills such as communication and teamwork are important for professional success.,0
Effective communication skills help professionals express ideas clearly and build better relationships.,0
Leadership skills help individuals manage teams and make important decisions.,0
Time management helps professionals complete tasks efficiently and improve productivity.,0
Workplace etiquette teaches employees how to behave professionally in an organization.,0
Career switching allows individuals to explore new fields and develop new professional skills.,0
Professional networking helps people create valuable connections and discover new opportunities.,0
Coding career opportunities are increasing due to the growth of technology and software industries.,0
"IT careers provide various opportunities in software development, cybersecurity, data science, and cloud computing.",0
Skill development helps individuals stay competitive in a changing job market.,0
Job search techniques help candidates find suitable opportunities and apply effectively.,0
Personal branding helps professionals showcase their skills and build a strong reputation.,0
Professional certifications help individuals validate their knowledge and improve career growth.,0
"Personal finance helps individuals manage their income, expenses, and savings effectively.",0
Saving money is an important habit that helps people achieve their financial goals.,0
Budget planning allows individuals to control their spending and organize their finances.,0
Investment basics help people understand different ways to grow their money over time.,0
The stock market allows investors to buy and sell shares of companies.,0
Mutual funds provide a way for individuals to invest money through professionally managed funds.,0
"Digital payments make financial transactions faster, easier, and more convenient.",0
Banking technology improves financial services through online banking and mobile applications.,0
Financial literacy helps people make better decisions about managing money.,0
Cryptocurrency is a digital form of currency based on blockchain technology.,0
Money management skills help students and professionals handle their finances responsibly.,0
Passive income ideas allow individuals to earn money through different sources with less active effort.,0
Financial planning helps people prepare for future expenses and financial goals.,0
"Economic trends influence businesses, markets, and personal financial decisions.",0
Inflation affects the purchasing power of money and increases the cost of goods and services.,0
Banking security helps protect users from financial fraud and online scams.,0
Insurance awareness helps people understand the importance of protecting their assets and health.,0
Wealth management focuses on building and managing financial resources effectively.,0
"The future of finance is influenced by digital technology, automation, and financial innovation.",0
Financial discipline helps individuals create a stable and secure financial future.,0
Climate change awareness helps people understand the impact of environmental changes on the planet.,0
Renewable energy provides clean and sustainable alternatives to traditional energy sources.,0
Solar energy helps reduce dependence on fossil fuels and supports clean power generation.,0
"Waste management focuses on reducing, recycling, and properly disposing of waste materials.",0
Recycling techniques help conserve natural resources and reduce environmental pollution.,0
Sustainable living encourages people to adopt eco-friendly habits in their daily lives.,0
Green technology develops innovative solutions to protect the environment and reduce pollution.,0
Water conservation helps save water resources and ensures availability for future generations.,0
Air pollution control focuses on reducing harmful emissions and improving air quality.,0
"Environmental protection helps preserve ecosystems, wildlife, and natural resources.",0
Electric vehicles help reduce carbon emissions and promote cleaner transportation.,0
Sustainable agriculture focuses on farming methods that protect soil and natural resources.,0
"Forest conservation helps protect trees, biodiversity, and ecological balance.",0
Wildlife protection helps preserve endangered species and maintain natural habitats.,0
Plastic pollution is a major environmental challenge that affects land and marine ecosystems.,0
Clean energy solutions help create a healthier and more sustainable future.,0
Eco-friendly lifestyles encourage people to reduce waste and use resources responsibly.,0
Smart cities use technology to improve sustainability and quality of life.,0
Carbon footprint reduction helps decrease the impact of human activities on the environment.,0
Environmental innovations create new methods to solve global environmental challenges.,0
Video games have evolved from simple entertainment into a major global digital industry.,0
Esports has become a professional competition field where players compete in organized gaming events.,0
"Game development involves designing, programming, and creating interactive digital experiences.",0
Virtual reality gaming provides immersive experiences by placing players inside digital environments.,0
Augmented reality combines digital elements with the real world to create interactive experiences.,0
"Gaming technology continues to improve with better graphics, artificial intelligence, and advanced hardware.",0
"Online gaming communities allow players to connect, communicate, and collaborate worldwide.",0
Game design principles help developers create engaging and enjoyable gaming experiences.,0
Mobile gaming has grown rapidly due to the increasing use of smartphones.,0
"Gaming hardware such as consoles, graphics cards, and accessories improves the gaming experience.",0
Streaming culture allows gamers to share their gameplay with audiences through online platforms.,0
Digital entertainment trends show the increasing popularity of interactive media and online content.,0
The metaverse concept focuses on creating shared virtual spaces using advanced technologies.,0
"Virtual worlds allow users to interact, explore, and participate in digital environments.",0
Artificial intelligence is improving gaming through smarter characters and realistic experiences.,0
"Gaming careers provide opportunities in game development, design, testing, and content creation.",0
Game testing helps developers identify problems and improve the quality of games.,0
"Gaming psychology studies how games influence emotions, behavior, and decision-making.",0
"The future of gaming will be shaped by artificial intelligence, virtual reality, and innovation.",0
The gaming industry continues to grow with new technologies and increasing global interest.,0
"Human psychology helps us understand thoughts, emotions, and behaviors of individuals.",0
Personality development focuses on improving personal qualities and building a positive attitude.,0
Emotional intelligence helps people understand and manage their emotions effectively.,0
Decision-making psychology explains how people analyze information and make choices.,0
Memory improvement techniques help individuals enhance their learning and information retention abilities.,0
Learning psychology studies how people acquire knowledge and develop new skills.,0
Motivation science explains the factors that encourage people to achieve their goals.,0
Habit formation helps individuals build positive routines and improve their lifestyle.,0
Leadership psychology focuses on understanding the behavior and mindset of effective leaders.,0
Social behavior explains how people interact and communicate within society.,0
Creativity and innovation help individuals develop new ideas and solve problems.,0
Problem-solving skills enable people to analyze challenges and find effective solutions.,0
Confidence building helps individuals overcome fear and improve self-belief.,0
Communication psychology studies how people exchange information and understand each other.,0
Consumer psychology explains how people make purchasing decisions and respond to marketing.,0
"Workplace psychology focuses on employee behavior, motivation, and organizational relationships.",0
Child psychology helps understand the emotional and mental development of children.,0
Digital addiction explains the impact of excessive use of digital devices on human behavior.,0
"The human brain controls thoughts, emotions, learning, and physical activities.",0
Behavioral science studies human actions and the factors that influence decisions.,0
Climate change awareness helps people understand the causes and effects of global environmental changes.,0
Renewable energy provides clean alternatives to traditional energy sources and reduces pollution.,0
Solar energy is a sustainable power source that uses sunlight to generate electricity.,0
"Waste management helps reduce pollution by properly collecting, recycling, and disposing of waste.",0
Recycling techniques help conserve resources and minimize the amount of waste produced.,0
Sustainable living encourages people to use natural resources responsibly and protect the environment.,0
Green technology develops eco-friendly solutions to reduce environmental damage.,0
Water conservation helps protect water resources and ensures availability for future needs.,0
Air pollution control focuses on reducing harmful gases and improving air quality.,0
Environmental protection helps maintain ecological balance and preserve natural resources.,0
Electric vehicles reduce the use of fossil fuels and support cleaner transportation.,0
"Sustainable agriculture promotes farming methods that protect soil, water, and biodiversity.",0
"Forest conservation helps protect trees, wildlife, and natural ecosystems.",0
Wildlife protection focuses on saving endangered species and maintaining biodiversity.,0
"Plastic pollution creates serious environmental problems for oceans, animals, and human health.",0
Clean energy solutions help create a safer and more sustainable future.,0
Eco-friendly lifestyles encourage people to reduce waste and make environmentally responsible choices.,0
Smart cities use advanced technology to improve sustainability and quality of life.,0
Carbon footprint reduction helps decrease the environmental impact of human activities.,0
Environmental innovations create new solutions for protecting the planet and managing resources.,0
Artificial Intelligence is transforming different industries by improving automation and decision-making.,0
Machine learning allows computers to learn from data and improve their performance over time.,0
"Cybersecurity protects digital systems, networks, and data from online threats.",0
Cloud computing provides online storage and computing resources through internet-based services.,0
Blockchain technology enables secure and transparent digital transactions.,0
Internet of Things connects smart devices and allows them to communicate with each other.,0
Web development focuses on creating websites and applications for users.,0
Mobile app development helps create applications for smartphones and digital devices.,0
"Generative AI tools help users create content, images, and solutions using artificial intelligence.",0
"Software engineering involves designing, developing, testing, and maintaining software systems.",0
Data science helps organizations analyze large amounts of data and make better decisions.,0
Robotics combines engineering and programming to create intelligent machines.,0
Computer vision enables computers to understand and analyze images and videos.,0
Natural Language Processing helps machines understand and process human language.,0
AI automation improves efficiency by reducing repetitive tasks through intelligent systems.,0
Large Language Models can generate human-like text and assist users in various tasks.,0
Prompt engineering helps users communicate effectively with AI systems.,0
Virtual assistants use artificial intelligence to provide information and complete tasks.,0
Future technologies will continue to change the way people work and live.,0
"Technology innovation creates new opportunities for businesses, education, and society.",0
Career planning helps individuals choose the right path according to their skills and interests.,0
Resume writing helps candidates present their qualifications and achievements professionally.,0
Interview skills improve confidence and help candidates perform better during job selection processes.,0
Communication skills help professionals share ideas clearly and build strong relationships.,0
Leadership qualities help individuals guide teams and manage responsibilities effectively.,0
Time management allows people to complete tasks efficiently and achieve their goals.,0
Problem-solving skills help professionals handle challenges and find practical solutions.,0
Networking helps individuals connect with professionals and discover new opportunities.,0
Personal branding allows people to showcase their skills and build a professional identity.,0
Internships provide practical experience and help students understand workplace environments.,0
Professional certifications help individuals improve their knowledge and career opportunities.,0
"Workplace ethics guide employees to maintain honesty, responsibility, and professionalism.",0
Teamwork skills help people collaborate effectively with colleagues and achieve common goals.,0
Continuous learning helps professionals stay updated with new technologies and industry trends.,0
"Career growth depends on improving skills, gaining experience, and adapting to changes.",0
Freelancing provides opportunities for individuals to work independently and earn through their skills.,0
Remote work allows professionals to complete their jobs from different locations using technology.,0
Job search strategies help candidates find suitable opportunities and apply effectively.,0
"Professional development improves confidence, performance, and long-term career success.",0
"A successful career requires dedication, consistency, and continuous improvement.",0
"Personal finance helps individuals understand how to manage their income, expenses, savings, and investments.",0
Budget planning helps people organize their money and control unnecessary spending.,0
Saving money regularly helps individuals achieve their short-term and long-term financial goals.,0
Financial literacy teaches people how to make smart decisions about money.,0
Investment planning helps individuals grow their wealth through different financial options.,0
The stock market allows people to invest in companies and participate in economic growth.,0
Mutual funds provide an opportunity to invest money with the help of professional fund managers.,0
"Digital banking makes financial services faster, easier, and more accessible.",0
